,subject,block,miniblock,category,eye_cond,img_path,audio_path
0,subj1,1,1,F,O,Stimuli/Images/Letters/T.jpg,Stimuli/Audio/Letters/T.wav
1,subj1,1,1,F,O,Stimuli/Images/Letters/Y.jpg,Stimuli/Audio/Letters/Y.wav
2,subj1,1,1,F,O,Stimuli/Images/Letters/A.jpg,Stimuli/Audio/Letters/A.wav
3,subj1,1,1,F,O,Stimuli/Images/Letters/S.jpg,Stimuli/Audio/Letters/S.wav
4,subj1,1,1,F,O,Stimuli/Images/Letters/R.jpg,Stimuli/Audio/Letters/R.wav
5,subj1,1,1,F,O,Stimuli/Images/Letters/Z.jpg,Stimuli/Audio/Letters/Z.wav
6,subj1,1,1,F,O,Stimuli/Images/Letters/N.jpg,Stimuli/Audio/Letters/N.wav
7,subj1,1,1,F,O,Stimuli/Images/Letters/G.jpg,Stimuli/Audio/Letters/G.wav
8,subj1,1,1,F,C,Stimuli/Images/Letters/U.jpg,Stimuli/Audio/Letters/U.wav
9,subj1,1,1,F,C,Stimuli/Images/Letters/L.jpg,Stimuli/Audio/Letters/L.wav
10,subj1,1,1,F,C,Stimuli/Images/Letters/F.jpg,Stimuli/Audio/Letters/F.wav
11,subj1,1,1,F,C,Stimuli/Images/Letters/M.jpg,Stimuli/Audio/Letters/M.wav
12,subj1,1,1,F,C,Stimuli/Images/Letters/W.jpg,Stimuli/Audio/Letters/W.wav
13,subj1,1,1,F,C,Stimuli/Images/Letters/B.jpg,Stimuli/Audio/Letters/B.wav
14,subj1,1,1,F,C,Stimuli/Images/Letters/V.jpg,Stimuli/Audio/Letters/V.wav
15,subj1,1,1,F,C,Stimuli/Images/Letters/Q.jpg,Stimuli/Audio/Letters/Q.wav
16,subj1,1,1,L,O,Stimuli/Images/People/Michelle_Yeoh.jpg,Stimuli/Audio/People/Michelle_Yeoh.wav
17,subj1,1,1,L,O,Stimuli/Images/People/Sam_Wang.jpg,Stimuli/Audio/People/Sam_Wang.wav
18,subj1,1,1,L,O,Stimuli/Images/People/Angelina_Jolie.jpg,Stimuli/Audio/People/Angelina_Jolie.wav
19,subj1,1,1,L,O,Stimuli/Images/People/Mala_Murthy.jpg,Stimuli/Audio/People/Mala_Murthy.wav
20,subj1,1,1,L,O,Stimuli/Images/People/Justin_Bieber.jpg,Stimuli/Audio/People/Justin_Bieber.wav
21,subj1,1,1,L,O,Stimuli/Images/People/Tim_Buschman.jpg,Stimuli/Audio/People/Tim_Buschman.wav
22,subj1,1,1,L,O,Stimuli/Images/People/Hillary_Clinton.jpg,Stimuli/Audio/People/Hillary_Clinton.wav
23,subj1,1,1,L,O,Stimuli/Images/People/Dwayne_Johnson.jpg,Stimuli/Audio/People/Dwayne_Johnson.wav
24,subj1,1,1,L,C,Stimuli/Images/People/Neil_DeGrasse_Tyson.jpg,Stimuli/Audio/People/Neil_DeGrasse_Tyson.wav
25,subj1,1,1,L,C,Stimuli/Images/People/George_W_Bush.jpg,Stimuli/Audio/People/George_W_Bush.wav
26,subj1,1,1,L,C,Stimuli/Images/People/Chris_Evans.jpg,Stimuli/Audio/People/Chris_Evans.wav
27,subj1,1,1,L,C,Stimuli/Images/People/Greta_Thunberg.jpg,Stimuli/Audio/People/Greta_Thunberg.wav
28,subj1,1,1,L,C,Stimuli/Images/People/Rihanna.jpg,Stimuli/Audio/People/Rihanna.wav
29,subj1,1,1,L,C,Stimuli/Images/People/Barack_Obama.jpg,Stimuli/Audio/People/Barack_Obama.wav
30,subj1,1,1,L,C,Stimuli/Images/People/Oprah_Winfrey.jpg,Stimuli/Audio/People/Oprah_Winfrey.wav
31,subj1,1,1,L,C,Stimuli/Images/People/Ilana_Witten.jpg,Stimuli/Audio/People/Ilana_Witten.wav
32,subj1,1,2,F,C,Stimuli/Images/Letters/U.jpg,Stimuli/Audio/Letters/U.wav
33,subj1,1,2,F,C,Stimuli/Images/Letters/L.jpg,Stimuli/Audio/Letters/L.wav
34,subj1,1,2,F,C,Stimuli/Images/Letters/F.jpg,Stimuli/Audio/Letters/F.wav
35,subj1,1,2,F,C,Stimuli/Images/Letters/M.jpg,Stimuli/Audio/Letters/M.wav
36,subj1,1,2,F,C,Stimuli/Images/Letters/W.jpg,Stimuli/Audio/Letters/W.wav
37,subj1,1,2,F,C,Stimuli/Images/Letters/B.jpg,Stimuli/Audio/Letters/B.wav
38,subj1,1,2,F,C,Stimuli/Images/Letters/V.jpg,Stimuli/Audio/Letters/V.wav
39,subj1,1,2,F,C,Stimuli/Images/Letters/Q.jpg,Stimuli/Audio/Letters/Q.wav
40,subj1,1,2,F,O,Stimuli/Images/Letters/T.jpg,Stimuli/Audio/Letters/T.wav
41,subj1,1,2,F,O,Stimuli/Images/Letters/Y.jpg,Stimuli/Audio/Letters/Y.wav
42,subj1,1,2,F,O,Stimuli/Images/Letters/A.jpg,Stimuli/Audio/Letters/A.wav
43,subj1,1,2,F,O,Stimuli/Images/Letters/S.jpg,Stimuli/Audio/Letters/S.wav
44,subj1,1,2,F,O,Stimuli/Images/Letters/R.jpg,Stimuli/Audio/Letters/R.wav
45,subj1,1,2,F,O,Stimuli/Images/Letters/Z.jpg,Stimuli/Audio/Letters/Z.wav
46,subj1,1,2,F,O,Stimuli/Images/Letters/N.jpg,Stimuli/Audio/Letters/N.wav
47,subj1,1,2,F,O,Stimuli/Images/Letters/G.jpg,Stimuli/Audio/Letters/G.wav
48,subj1,1,2,L,C,Stimuli/Images/People/Neil_DeGrasse_Tyson.jpg,Stimuli/Audio/People/Neil_DeGrasse_Tyson.wav
49,subj1,1,2,L,C,Stimuli/Images/People/George_W_Bush.jpg,Stimuli/Audio/People/George_W_Bush.wav
50,subj1,1,2,L,C,Stimuli/Images/People/Chris_Evans.jpg,Stimuli/Audio/People/Chris_Evans.wav
51,subj1,1,2,L,C,Stimuli/Images/People/Greta_Thunberg.jpg,Stimuli/Audio/People/Greta_Thunberg.wav
52,subj1,1,2,L,C,Stimuli/Images/People/Rihanna.jpg,Stimuli/Audio/People/Rihanna.wav
53,subj1,1,2,L,C,Stimuli/Images/People/Barack_Obama.jpg,Stimuli/Audio/People/Barack_Obama.wav
54,subj1,1,2,L,C,Stimuli/Images/People/Oprah_Winfrey.jpg,Stimuli/Audio/People/Oprah_Winfrey.wav
55,subj1,1,2,L,C,Stimuli/Images/People/Ilana_Witten.jpg,Stimuli/Audio/People/Ilana_Witten.wav
56,subj1,1,2,L,O,Stimuli/Images/People/Michelle_Yeoh.jpg,Stimuli/Audio/People/Michelle_Yeoh.wav
57,subj1,1,2,L,O,Stimuli/Images/People/Sam_Wang.jpg,Stimuli/Audio/People/Sam_Wang.wav
58,subj1,1,2,L,O,Stimuli/Images/People/Angelina_Jolie.jpg,Stimuli/Audio/People/Angelina_Jolie.wav
59,subj1,1,2,L,O,Stimuli/Images/People/Mala_Murthy.jpg,Stimuli/Audio/People/Mala_Murthy.wav
60,subj1,1,2,L,O,Stimuli/Images/People/Justin_Bieber.jpg,Stimuli/Audio/People/Justin_Bieber.wav
61,subj1,1,2,L,O,Stimuli/Images/People/Tim_Buschman.jpg,Stimuli/Audio/People/Tim_Buschman.wav
62,subj1,1,2,L,O,Stimuli/Images/People/Hillary_Clinton.jpg,Stimuli/Audio/People/Hillary_Clinton.wav
63,subj1,1,2,L,O,Stimuli/Images/People/Dwayne_Johnson.jpg,Stimuli/Audio/People/Dwayne_Johnson.wav
64,subj1,1,3,L,O,Stimuli/Images/People/Michelle_Yeoh.jpg,Stimuli/Audio/People/Michelle_Yeoh.wav
65,subj1,1,3,L,O,Stimuli/Images/People/Sam_Wang.jpg,Stimuli/Audio/People/Sam_Wang.wav
66,subj1,1,3,L,O,Stimuli/Images/People/Angelina_Jolie.jpg,Stimuli/Audio/People/Angelina_Jolie.wav
67,subj1,1,3,L,O,Stimuli/Images/People/Mala_Murthy.jpg,Stimuli/Audio/People/Mala_Murthy.wav
68,subj1,1,3,L,O,Stimuli/Images/People/Justin_Bieber.jpg,Stimuli/Audio/People/Justin_Bieber.wav
69,subj1,1,3,L,O,Stimuli/Images/People/Tim_Buschman.jpg,Stimuli/Audio/People/Tim_Buschman.wav
70,subj1,1,3,L,O,Stimuli/Images/People/Hillary_Clinton.jpg,Stimuli/Audio/People/Hillary_Clinton.wav
71,subj1,1,3,L,O,Stimuli/Images/People/Dwayne_Johnson.jpg,Stimuli/Audio/People/Dwayne_Johnson.wav
72,subj1,1,3,L,C,Stimuli/Images/People/Neil_DeGrasse_Tyson.jpg,Stimuli/Audio/People/Neil_DeGrasse_Tyson.wav
73,subj1,1,3,L,C,Stimuli/Images/People/George_W_Bush.jpg,Stimuli/Audio/People/George_W_Bush.wav
74,subj1,1,3,L,C,Stimuli/Images/People/Chris_Evans.jpg,Stimuli/Audio/People/Chris_Evans.wav
75,subj1,1,3,L,C,Stimuli/Images/People/Greta_Thunberg.jpg,Stimuli/Audio/People/Greta_Thunberg.wav
76,subj1,1,3,L,C,Stimuli/Images/People/Rihanna.jpg,Stimuli/Audio/People/Rihanna.wav
77,subj1,1,3,L,C,Stimuli/Images/People/Barack_Obama.jpg,Stimuli/Audio/People/Barack_Obama.wav
78,subj1,1,3,L,C,Stimuli/Images/People/Oprah_Winfrey.jpg,Stimuli/Audio/People/Oprah_Winfrey.wav
79,subj1,1,3,L,C,Stimuli/Images/People/Ilana_Witten.jpg,Stimuli/Audio/People/Ilana_Witten.wav
80,subj1,1,3,F,O,Stimuli/Images/Letters/T.jpg,Stimuli/Audio/Letters/T.wav
81,subj1,1,3,F,O,Stimuli/Images/Letters/Y.jpg,Stimuli/Audio/Letters/Y.wav
82,subj1,1,3,F,O,Stimuli/Images/Letters/A.jpg,Stimuli/Audio/Letters/A.wav
83,subj1,1,3,F,O,Stimuli/Images/Letters/S.jpg,Stimuli/Audio/Letters/S.wav
84,subj1,1,3,F,O,Stimuli/Images/Letters/R.jpg,Stimuli/Audio/Letters/R.wav
85,subj1,1,3,F,O,Stimuli/Images/Letters/Z.jpg,Stimuli/Audio/Letters/Z.wav
86,subj1,1,3,F,O,Stimuli/Images/Letters/N.jpg,Stimuli/Audio/Letters/N.wav
87,subj1,1,3,F,O,Stimuli/Images/Letters/G.jpg,Stimuli/Audio/Letters/G.wav
88,subj1,1,3,F,C,Stimuli/Images/Letters/U.jpg,Stimuli/Audio/Letters/U.wav
89,subj1,1,3,F,C,Stimuli/Images/Letters/L.jpg,Stimuli/Audio/Letters/L.wav
90,subj1,1,3,F,C,Stimuli/Images/Letters/F.jpg,Stimuli/Audio/Letters/F.wav
91,subj1,1,3,F,C,Stimuli/Images/Letters/M.jpg,Stimuli/Audio/Letters/M.wav
92,subj1,1,3,F,C,Stimuli/Images/Letters/W.jpg,Stimuli/Audio/Letters/W.wav
93,subj1,1,3,F,C,Stimuli/Images/Letters/B.jpg,Stimuli/Audio/Letters/B.wav
94,subj1,1,3,F,C,Stimuli/Images/Letters/V.jpg,Stimuli/Audio/Letters/V.wav
95,subj1,1,3,F,C,Stimuli/Images/Letters/Q.jpg,Stimuli/Audio/Letters/Q.wav
96,subj1,1,4,L,C,Stimuli/Images/People/Neil_DeGrasse_Tyson.jpg,Stimuli/Audio/People/Neil_DeGrasse_Tyson.wav
97,subj1,1,4,L,C,Stimuli/Images/People/George_W_Bush.jpg,Stimuli/Audio/People/George_W_Bush.wav
98,subj1,1,4,L,C,Stimuli/Images/People/Chris_Evans.jpg,Stimuli/Audio/People/Chris_Evans.wav
99,subj1,1,4,L,C,Stimuli/Images/People/Greta_Thunberg.jpg,Stimuli/Audio/People/Greta_Thunberg.wav
100,subj1,1,4,L,C,Stimuli/Images/People/Rihanna.jpg,Stimuli/Audio/People/Rihanna.wav
101,subj1,1,4,L,C,Stimuli/Images/People/Barack_Obama.jpg,Stimuli/Audio/People/Barack_Obama.wav
102,subj1,1,4,L,C,Stimuli/Images/People/Oprah_Winfrey.jpg,Stimuli/Audio/People/Oprah_Winfrey.wav
103,subj1,1,4,L,C,Stimuli/Images/People/Ilana_Witten.jpg,Stimuli/Audio/People/Ilana_Witten.wav
104,subj1,1,4,L,O,Stimuli/Images/People/Michelle_Yeoh.jpg,Stimuli/Audio/People/Michelle_Yeoh.wav
105,subj1,1,4,L,O,Stimuli/Images/People/Sam_Wang.jpg,Stimuli/Audio/People/Sam_Wang.wav
106,subj1,1,4,L,O,Stimuli/Images/People/Angelina_Jolie.jpg,Stimuli/Audio/People/Angelina_Jolie.wav
107,subj1,1,4,L,O,Stimuli/Images/People/Mala_Murthy.jpg,Stimuli/Audio/People/Mala_Murthy.wav
108,subj1,1,4,L,O,Stimuli/Images/People/Justin_Bieber.jpg,Stimuli/Audio/People/Justin_Bieber.wav
109,subj1,1,4,L,O,Stimuli/Images/People/Tim_Buschman.jpg,Stimuli/Audio/People/Tim_Buschman.wav
110,subj1,1,4,L,O,Stimuli/Images/People/Hillary_Clinton.jpg,Stimuli/Audio/People/Hillary_Clinton.wav
111,subj1,1,4,L,O,Stimuli/Images/People/Dwayne_Johnson.jpg,Stimuli/Audio/People/Dwayne_Johnson.wav
112,subj1,1,4,F,C,Stimuli/Images/Letters/U.jpg,Stimuli/Audio/Letters/U.wav
113,subj1,1,4,F,C,Stimuli/Images/Letters/L.jpg,Stimuli/Audio/Letters/L.wav
114,subj1,1,4,F,C,Stimuli/Images/Letters/F.jpg,Stimuli/Audio/Letters/F.wav
115,subj1,1,4,F,C,Stimuli/Images/Letters/M.jpg,Stimuli/Audio/Letters/M.wav
116,subj1,1,4,F,C,Stimuli/Images/Letters/W.jpg,Stimuli/Audio/Letters/W.wav
117,subj1,1,4,F,C,Stimuli/Images/Letters/B.jpg,Stimuli/Audio/Letters/B.wav
118,subj1,1,4,F,C,Stimuli/Images/Letters/V.jpg,Stimuli/Audio/Letters/V.wav
119,subj1,1,4,F,C,Stimuli/Images/Letters/Q.jpg,Stimuli/Audio/Letters/Q.wav
120,subj1,1,4,F,O,Stimuli/Images/Letters/T.jpg,Stimuli/Audio/Letters/T.wav
121,subj1,1,4,F,O,Stimuli/Images/Letters/Y.jpg,Stimuli/Audio/Letters/Y.wav
122,subj1,1,4,F,O,Stimuli/Images/Letters/A.jpg,Stimuli/Audio/Letters/A.wav
123,subj1,1,4,F,O,Stimuli/Images/Letters/S.jpg,Stimuli/Audio/Letters/S.wav
124,subj1,1,4,F,O,Stimuli/Images/Letters/R.jpg,Stimuli/Audio/Letters/R.wav
125,subj1,1,4,F,O,Stimuli/Images/Letters/Z.jpg,Stimuli/Audio/Letters/Z.wav
126,subj1,1,4,F,O,Stimuli/Images/Letters/N.jpg,Stimuli/Audio/Letters/N.wav
127,subj1,1,4,F,O,Stimuli/Images/Letters/G.jpg,Stimuli/Audio/Letters/G.wav
128,subj1,2,5,F,O,Stimuli/Images/Letters/G.jpg,Stimuli/Audio/Letters/G.wav
129,subj1,2,5,F,O,Stimuli/Images/Letters/S.jpg,Stimuli/Audio/Letters/S.wav
130,subj1,2,5,F,O,Stimuli/Images/Letters/F.jpg,Stimuli/Audio/Letters/F.wav
131,subj1,2,5,F,O,Stimuli/Images/Letters/M.jpg,Stimuli/Audio/Letters/M.wav
132,subj1,2,5,F,O,Stimuli/Images/Letters/R.jpg,Stimuli/Audio/Letters/R.wav
133,subj1,2,5,F,O,Stimuli/Images/Letters/U.jpg,Stimuli/Audio/Letters/U.wav
134,subj1,2,5,F,O,Stimuli/Images/Letters/W.jpg,Stimuli/Audio/Letters/W.wav
135,subj1,2,5,F,O,Stimuli/Images/Letters/V.jpg,Stimuli/Audio/Letters/V.wav
136,subj1,2,5,F,C,Stimuli/Images/Letters/T.jpg,Stimuli/Audio/Letters/T.wav
137,subj1,2,5,F,C,Stimuli/Images/Letters/N.jpg,Stimuli/Audio/Letters/N.wav
138,subj1,2,5,F,C,Stimuli/Images/Letters/Q.jpg,Stimuli/Audio/Letters/Q.wav
139,subj1,2,5,F,C,Stimuli/Images/Letters/B.jpg,Stimuli/Audio/Letters/B.wav
140,subj1,2,5,F,C,Stimuli/Images/Letters/L.jpg,Stimuli/Audio/Letters/L.wav
141,subj1,2,5,F,C,Stimuli/Images/Letters/A.jpg,Stimuli/Audio/Letters/A.wav
142,subj1,2,5,F,C,Stimuli/Images/Letters/Y.jpg,Stimuli/Audio/Letters/Y.wav
143,subj1,2,5,F,C,Stimuli/Images/Letters/Z.jpg,Stimuli/Audio/Letters/Z.wav
144,subj1,2,5,L,O,Stimuli/Images/People/Dwayne_Johnson.jpg,Stimuli/Audio/People/Dwayne_Johnson.wav
145,subj1,2,5,L,O,Stimuli/Images/People/Mala_Murthy.jpg,Stimuli/Audio/People/Mala_Murthy.wav
146,subj1,2,5,L,O,Stimuli/Images/People/Chris_Evans.jpg,Stimuli/Audio/People/Chris_Evans.wav
147,subj1,2,5,L,O,Stimuli/Images/People/Greta_Thunberg.jpg,Stimuli/Audio/People/Greta_Thunberg.wav
148,subj1,2,5,L,O,Stimuli/Images/People/Justin_Bieber.jpg,Stimuli/Audio/People/Justin_Bieber.wav
149,subj1,2,5,L,O,Stimuli/Images/People/Neil_DeGrasse_Tyson.jpg,Stimuli/Audio/People/Neil_DeGrasse_Tyson.wav
150,subj1,2,5,L,O,Stimuli/Images/People/Rihanna.jpg,Stimuli/Audio/People/Rihanna.wav
151,subj1,2,5,L,O,Stimuli/Images/People/Oprah_Winfrey.jpg,Stimuli/Audio/People/Oprah_Winfrey.wav
152,subj1,2,5,L,C,Stimuli/Images/People/Michelle_Yeoh.jpg,Stimuli/Audio/People/Michelle_Yeoh.wav
153,subj1,2,5,L,C,Stimuli/Images/People/Hillary_Clinton.jpg,Stimuli/Audio/People/Hillary_Clinton.wav
154,subj1,2,5,L,C,Stimuli/Images/People/Ilana_Witten.jpg,Stimuli/Audio/People/Ilana_Witten.wav
155,subj1,2,5,L,C,Stimuli/Images/People/Barack_Obama.jpg,Stimuli/Audio/People/Barack_Obama.wav
156,subj1,2,5,L,C,Stimuli/Images/People/George_W_Bush.jpg,Stimuli/Audio/People/George_W_Bush.wav
157,subj1,2,5,L,C,Stimuli/Images/People/Angelina_Jolie.jpg,Stimuli/Audio/People/Angelina_Jolie.wav
158,subj1,2,5,L,C,Stimuli/Images/People/Sam_Wang.jpg,Stimuli/Audio/People/Sam_Wang.wav
159,subj1,2,5,L,C,Stimuli/Images/People/Tim_Buschman.jpg,Stimuli/Audio/People/Tim_Buschman.wav
160,subj1,2,6,F,C,Stimuli/Images/Letters/T.jpg,Stimuli/Audio/Letters/T.wav
161,subj1,2,6,F,C,Stimuli/Images/Letters/N.jpg,Stimuli/Audio/Letters/N.wav
162,subj1,2,6,F,C,Stimuli/Images/Letters/Q.jpg,Stimuli/Audio/Letters/Q.wav
163,subj1,2,6,F,C,Stimuli/Images/Letters/B.jpg,Stimuli/Audio/Letters/B.wav
164,subj1,2,6,F,C,Stimuli/Images/Letters/L.jpg,Stimuli/Audio/Letters/L.wav
165,subj1,2,6,F,C,Stimuli/Images/Letters/A.jpg,Stimuli/Audio/Letters/A.wav
166,subj1,2,6,F,C,Stimuli/Images/Letters/Y.jpg,Stimuli/Audio/Letters/Y.wav
167,subj1,2,6,F,C,Stimuli/Images/Letters/Z.jpg,Stimuli/Audio/Letters/Z.wav
168,subj1,2,6,F,O,Stimuli/Images/Letters/G.jpg,Stimuli/Audio/Letters/G.wav
169,subj1,2,6,F,O,Stimuli/Images/Letters/S.jpg,Stimuli/Audio/Letters/S.wav
170,subj1,2,6,F,O,Stimuli/Images/Letters/F.jpg,Stimuli/Audio/Letters/F.wav
171,subj1,2,6,F,O,Stimuli/Images/Letters/M.jpg,Stimuli/Audio/Letters/M.wav
172,subj1,2,6,F,O,Stimuli/Images/Letters/R.jpg,Stimuli/Audio/Letters/R.wav
173,subj1,2,6,F,O,Stimuli/Images/Letters/U.jpg,Stimuli/Audio/Letters/U.wav
174,subj1,2,6,F,O,Stimuli/Images/Letters/W.jpg,Stimuli/Audio/Letters/W.wav
175,subj1,2,6,F,O,Stimuli/Images/Letters/V.jpg,Stimuli/Audio/Letters/V.wav
176,subj1,2,6,L,C,Stimuli/Images/People/Michelle_Yeoh.jpg,Stimuli/Audio/People/Michelle_Yeoh.wav
177,subj1,2,6,L,C,Stimuli/Images/People/Hillary_Clinton.jpg,Stimuli/Audio/People/Hillary_Clinton.wav
178,subj1,2,6,L,C,Stimuli/Images/People/Ilana_Witten.jpg,Stimuli/Audio/People/Ilana_Witten.wav
179,subj1,2,6,L,C,Stimuli/Images/People/Barack_Obama.jpg,Stimuli/Audio/People/Barack_Obama.wav
180,subj1,2,6,L,C,Stimuli/Images/People/George_W_Bush.jpg,Stimuli/Audio/People/George_W_Bush.wav
181,subj1,2,6,L,C,Stimuli/Images/People/Angelina_Jolie.jpg,Stimuli/Audio/People/Angelina_Jolie.wav
182,subj1,2,6,L,C,Stimuli/Images/People/Sam_Wang.jpg,Stimuli/Audio/People/Sam_Wang.wav
183,subj1,2,6,L,C,Stimuli/Images/People/Tim_Buschman.jpg,Stimuli/Audio/People/Tim_Buschman.wav
184,subj1,2,6,L,O,Stimuli/Images/People/Dwayne_Johnson.jpg,Stimuli/Audio/People/Dwayne_Johnson.wav
185,subj1,2,6,L,O,Stimuli/Images/People/Mala_Murthy.jpg,Stimuli/Audio/People/Mala_Murthy.wav
186,subj1,2,6,L,O,Stimuli/Images/People/Chris_Evans.jpg,Stimuli/Audio/People/Chris_Evans.wav
187,subj1,2,6,L,O,Stimuli/Images/People/Greta_Thunberg.jpg,Stimuli/Audio/People/Greta_Thunberg.wav
188,subj1,2,6,L,O,Stimuli/Images/People/Justin_Bieber.jpg,Stimuli/Audio/People/Justin_Bieber.wav
189,subj1,2,6,L,O,Stimuli/Images/People/Neil_DeGrasse_Tyson.jpg,Stimuli/Audio/People/Neil_DeGrasse_Tyson.wav
190,subj1,2,6,L,O,Stimuli/Images/People/Rihanna.jpg,Stimuli/Audio/People/Rihanna.wav
191,subj1,2,6,L,O,Stimuli/Images/People/Oprah_Winfrey.jpg,Stimuli/Audio/People/Oprah_Winfrey.wav
192,subj1,2,7,L,O,Stimuli/Images/People/Dwayne_Johnson.jpg,Stimuli/Audio/People/Dwayne_Johnson.wav
193,subj1,2,7,L,O,Stimuli/Images/People/Mala_Murthy.jpg,Stimuli/Audio/People/Mala_Murthy.wav
194,subj1,2,7,L,O,Stimuli/Images/People/Chris_Evans.jpg,Stimuli/Audio/People/Chris_Evans.wav
195,subj1,2,7,L,O,Stimuli/Images/People/Greta_Thunberg.jpg,Stimuli/Audio/People/Greta_Thunberg.wav
196,subj1,2,7,L,O,Stimuli/Images/People/Justin_Bieber.jpg,Stimuli/Audio/People/Justin_Bieber.wav
197,subj1,2,7,L,O,Stimuli/Images/People/Neil_DeGrasse_Tyson.jpg,Stimuli/Audio/People/Neil_DeGrasse_Tyson.wav
198,subj1,2,7,L,O,Stimuli/Images/People/Rihanna.jpg,Stimuli/Audio/People/Rihanna.wav
199,subj1,2,7,L,O,Stimuli/Images/People/Oprah_Winfrey.jpg,Stimuli/Audio/People/Oprah_Winfrey.wav
200,subj1,2,7,L,C,Stimuli/Images/People/Michelle_Yeoh.jpg,Stimuli/Audio/People/Michelle_Yeoh.wav
201,subj1,2,7,L,C,Stimuli/Images/People/Hillary_Clinton.jpg,Stimuli/Audio/People/Hillary_Clinton.wav
202,subj1,2,7,L,C,Stimuli/Images/People/Ilana_Witten.jpg,Stimuli/Audio/People/Ilana_Witten.wav
203,subj1,2,7,L,C,Stimuli/Images/People/Barack_Obama.jpg,Stimuli/Audio/People/Barack_Obama.wav
204,subj1,2,7,L,C,Stimuli/Images/People/George_W_Bush.jpg,Stimuli/Audio/People/George_W_Bush.wav
205,subj1,2,7,L,C,Stimuli/Images/People/Angelina_Jolie.jpg,Stimuli/Audio/People/Angelina_Jolie.wav
206,subj1,2,7,L,C,Stimuli/Images/People/Sam_Wang.jpg,Stimuli/Audio/People/Sam_Wang.wav
207,subj1,2,7,L,C,Stimuli/Images/People/Tim_Buschman.jpg,Stimuli/Audio/People/Tim_Buschman.wav
208,subj1,2,7,F,O,Stimuli/Images/Letters/G.jpg,Stimuli/Audio/Letters/G.wav
209,subj1,2,7,F,O,Stimuli/Images/Letters/S.jpg,Stimuli/Audio/Letters/S.wav
210,subj1,2,7,F,O,Stimuli/Images/Letters/F.jpg,Stimuli/Audio/Letters/F.wav
211,subj1,2,7,F,O,Stimuli/Images/Letters/M.jpg,Stimuli/Audio/Letters/M.wav
212,subj1,2,7,F,O,Stimuli/Images/Letters/R.jpg,Stimuli/Audio/Letters/R.wav
213,subj1,2,7,F,O,Stimuli/Images/Letters/U.jpg,Stimuli/Audio/Letters/U.wav
214,subj1,2,7,F,O,Stimuli/Images/Letters/W.jpg,Stimuli/Audio/Letters/W.wav
215,subj1,2,7,F,O,Stimuli/Images/Letters/V.jpg,Stimuli/Audio/Letters/V.wav
216,subj1,2,7,F,C,Stimuli/Images/Letters/T.jpg,Stimuli/Audio/Letters/T.wav
217,subj1,2,7,F,C,Stimuli/Images/Letters/N.jpg,Stimuli/Audio/Letters/N.wav
218,subj1,2,7,F,C,Stimuli/Images/Letters/Q.jpg,Stimuli/Audio/Letters/Q.wav
219,subj1,2,7,F,C,Stimuli/Images/Letters/B.jpg,Stimuli/Audio/Letters/B.wav
220,subj1,2,7,F,C,Stimuli/Images/Letters/L.jpg,Stimuli/Audio/Letters/L.wav
221,subj1,2,7,F,C,Stimuli/Images/Letters/A.jpg,Stimuli/Audio/Letters/A.wav
222,subj1,2,7,F,C,Stimuli/Images/Letters/Y.jpg,Stimuli/Audio/Letters/Y.wav
223,subj1,2,7,F,C,Stimuli/Images/Letters/Z.jpg,Stimuli/Audio/Letters/Z.wav
224,subj1,2,8,L,C,Stimuli/Images/People/Michelle_Yeoh.jpg,Stimuli/Audio/People/Michelle_Yeoh.wav
225,subj1,2,8,L,C,Stimuli/Images/People/Hillary_Clinton.jpg,Stimuli/Audio/People/Hillary_Clinton.wav
226,subj1,2,8,L,C,Stimuli/Images/People/Ilana_Witten.jpg,Stimuli/Audio/People/Ilana_Witten.wav
227,subj1,2,8,L,C,Stimuli/Images/People/Barack_Obama.jpg,Stimuli/Audio/People/Barack_Obama.wav
228,subj1,2,8,L,C,Stimuli/Images/People/George_W_Bush.jpg,Stimuli/Audio/People/George_W_Bush.wav
229,subj1,2,8,L,C,Stimuli/Images/People/Angelina_Jolie.jpg,Stimuli/Audio/People/Angelina_Jolie.wav
230,subj1,2,8,L,C,Stimuli/Images/People/Sam_Wang.jpg,Stimuli/Audio/People/Sam_Wang.wav
231,subj1,2,8,L,C,Stimuli/Images/People/Tim_Buschman.jpg,Stimuli/Audio/People/Tim_Buschman.wav
232,subj1,2,8,L,O,Stimuli/Images/People/Dwayne_Johnson.jpg,Stimuli/Audio/People/Dwayne_Johnson.wav
233,subj1,2,8,L,O,Stimuli/Images/People/Mala_Murthy.jpg,Stimuli/Audio/People/Mala_Murthy.wav
234,subj1,2,8,L,O,Stimuli/Images/People/Chris_Evans.jpg,Stimuli/Audio/People/Chris_Evans.wav
235,subj1,2,8,L,O,Stimuli/Images/People/Greta_Thunberg.jpg,Stimuli/Audio/People/Greta_Thunberg.wav
236,subj1,2,8,L,O,Stimuli/Images/People/Justin_Bieber.jpg,Stimuli/Audio/People/Justin_Bieber.wav
237,subj1,2,8,L,O,Stimuli/Images/People/Neil_DeGrasse_Tyson.jpg,Stimuli/Audio/People/Neil_DeGrasse_Tyson.wav
238,subj1,2,8,L,O,Stimuli/Images/People/Rihanna.jpg,Stimuli/Audio/People/Rihanna.wav
239,subj1,2,8,L,O,Stimuli/Images/People/Oprah_Winfrey.jpg,Stimuli/Audio/People/Oprah_Winfrey.wav
240,subj1,2,8,F,C,Stimuli/Images/Letters/T.jpg,Stimuli/Audio/Letters/T.wav
241,subj1,2,8,F,C,Stimuli/Images/Letters/N.jpg,Stimuli/Audio/Letters/N.wav
242,subj1,2,8,F,C,Stimuli/Images/Letters/Q.jpg,Stimuli/Audio/Letters/Q.wav
243,subj1,2,8,F,C,Stimuli/Images/Letters/B.jpg,Stimuli/Audio/Letters/B.wav
244,subj1,2,8,F,C,Stimuli/Images/Letters/L.jpg,Stimuli/Audio/Letters/L.wav
245,subj1,2,8,F,C,Stimuli/Images/Letters/A.jpg,Stimuli/Audio/Letters/A.wav
246,subj1,2,8,F,C,Stimuli/Images/Letters/Y.jpg,Stimuli/Audio/Letters/Y.wav
247,subj1,2,8,F,C,Stimuli/Images/Letters/Z.jpg,Stimuli/Audio/Letters/Z.wav
248,subj1,2,8,F,O,Stimuli/Images/Letters/G.jpg,Stimuli/Audio/Letters/G.wav
249,subj1,2,8,F,O,Stimuli/Images/Letters/S.jpg,Stimuli/Audio/Letters/S.wav
250,subj1,2,8,F,O,Stimuli/Images/Letters/F.jpg,Stimuli/Audio/Letters/F.wav
251,subj1,2,8,F,O,Stimuli/Images/Letters/M.jpg,Stimuli/Audio/Letters/M.wav
252,subj1,2,8,F,O,Stimuli/Images/Letters/R.jpg,Stimuli/Audio/Letters/R.wav
253,subj1,2,8,F,O,Stimuli/Images/Letters/U.jpg,Stimuli/Audio/Letters/U.wav
254,subj1,2,8,F,O,Stimuli/Images/Letters/W.jpg,Stimuli/Audio/Letters/W.wav
255,subj1,2,8,F,O,Stimuli/Images/Letters/V.jpg,Stimuli/Audio/Letters/V.wav
256,subj1,3,9,F,O,Stimuli/Images/Letters/V.jpg,Stimuli/Audio/Letters/V.wav
257,subj1,3,9,F,O,Stimuli/Images/Letters/Y.jpg,Stimuli/Audio/Letters/Y.wav
258,subj1,3,9,F,O,Stimuli/Images/Letters/G.jpg,Stimuli/Audio/Letters/G.wav
259,subj1,3,9,F,O,Stimuli/Images/Letters/B.jpg,Stimuli/Audio/Letters/B.wav
260,subj1,3,9,F,O,Stimuli/Images/Letters/L.jpg,Stimuli/Audio/Letters/L.wav
261,subj1,3,9,F,O,Stimuli/Images/Letters/N.jpg,Stimuli/Audio/Letters/N.wav
262,subj1,3,9,F,O,Stimuli/Images/Letters/M.jpg,Stimuli/Audio/Letters/M.wav
263,subj1,3,9,F,O,Stimuli/Images/Letters/R.jpg,Stimuli/Audio/Letters/R.wav
264,subj1,3,9,F,C,Stimuli/Images/Letters/S.jpg,Stimuli/Audio/Letters/S.wav
265,subj1,3,9,F,C,Stimuli/Images/Letters/T.jpg,Stimuli/Audio/Letters/T.wav
266,subj1,3,9,F,C,Stimuli/Images/Letters/Z.jpg,Stimuli/Audio/Letters/Z.wav
267,subj1,3,9,F,C,Stimuli/Images/Letters/F.jpg,Stimuli/Audio/Letters/F.wav
268,subj1,3,9,F,C,Stimuli/Images/Letters/Q.jpg,Stimuli/Audio/Letters/Q.wav
269,subj1,3,9,F,C,Stimuli/Images/Letters/W.jpg,Stimuli/Audio/Letters/W.wav
270,subj1,3,9,F,C,Stimuli/Images/Letters/U.jpg,Stimuli/Audio/Letters/U.wav
271,subj1,3,9,F,C,Stimuli/Images/Letters/A.jpg,Stimuli/Audio/Letters/A.wav
272,subj1,3,9,L,O,Stimuli/Images/People/Oprah_Winfrey.jpg,Stimuli/Audio/People/Oprah_Winfrey.wav
273,subj1,3,9,L,O,Stimuli/Images/People/Sam_Wang.jpg,Stimuli/Audio/People/Sam_Wang.wav
274,subj1,3,9,L,O,Stimuli/Images/People/Dwayne_Johnson.jpg,Stimuli/Audio/People/Dwayne_Johnson.wav
275,subj1,3,9,L,O,Stimuli/Images/People/Barack_Obama.jpg,Stimuli/Audio/People/Barack_Obama.wav
276,subj1,3,9,L,O,Stimuli/Images/People/George_W_Bush.jpg,Stimuli/Audio/People/George_W_Bush.wav
277,subj1,3,9,L,O,Stimuli/Images/People/Hillary_Clinton.jpg,Stimuli/Audio/People/Hillary_Clinton.wav
278,subj1,3,9,L,O,Stimuli/Images/People/Greta_Thunberg.jpg,Stimuli/Audio/People/Greta_Thunberg.wav
279,subj1,3,9,L,O,Stimuli/Images/People/Justin_Bieber.jpg,Stimuli/Audio/People/Justin_Bieber.wav
280,subj1,3,9,L,C,Stimuli/Images/People/Mala_Murthy.jpg,Stimuli/Audio/People/Mala_Murthy.wav
281,subj1,3,9,L,C,Stimuli/Images/People/Michelle_Yeoh.jpg,Stimuli/Audio/People/Michelle_Yeoh.wav
282,subj1,3,9,L,C,Stimuli/Images/People/Tim_Buschman.jpg,Stimuli/Audio/People/Tim_Buschman.wav
283,subj1,3,9,L,C,Stimuli/Images/People/Chris_Evans.jpg,Stimuli/Audio/People/Chris_Evans.wav
284,subj1,3,9,L,C,Stimuli/Images/People/Ilana_Witten.jpg,Stimuli/Audio/People/Ilana_Witten.wav
285,subj1,3,9,L,C,Stimuli/Images/People/Rihanna.jpg,Stimuli/Audio/People/Rihanna.wav
286,subj1,3,9,L,C,Stimuli/Images/People/Neil_DeGrasse_Tyson.jpg,Stimuli/Audio/People/Neil_DeGrasse_Tyson.wav
287,subj1,3,9,L,C,Stimuli/Images/People/Angelina_Jolie.jpg,Stimuli/Audio/People/Angelina_Jolie.wav
288,subj1,3,10,F,C,Stimuli/Images/Letters/S.jpg,Stimuli/Audio/Letters/S.wav
289,subj1,3,10,F,C,Stimuli/Images/Letters/T.jpg,Stimuli/Audio/Letters/T.wav
290,subj1,3,10,F,C,Stimuli/Images/Letters/Z.jpg,Stimuli/Audio/Letters/Z.wav
291,subj1,3,10,F,C,Stimuli/Images/Letters/F.jpg,Stimuli/Audio/Letters/F.wav
292,subj1,3,10,F,C,Stimuli/Images/Letters/Q.jpg,Stimuli/Audio/Letters/Q.wav
293,subj1,3,10,F,C,Stimuli/Images/Letters/W.jpg,Stimuli/Audio/Letters/W.wav
294,subj1,3,10,F,C,Stimuli/Images/Letters/U.jpg,Stimuli/Audio/Letters/U.wav
295,subj1,3,10,F,C,Stimuli/Images/Letters/A.jpg,Stimuli/Audio/Letters/A.wav
296,subj1,3,10,F,O,Stimuli/Images/Letters/V.jpg,Stimuli/Audio/Letters/V.wav
297,subj1,3,10,F,O,Stimuli/Images/Letters/Y.jpg,Stimuli/Audio/Letters/Y.wav
298,subj1,3,10,F,O,Stimuli/Images/Letters/G.jpg,Stimuli/Audio/Letters/G.wav
299,subj1,3,10,F,O,Stimuli/Images/Letters/B.jpg,Stimuli/Audio/Letters/B.wav
300,subj1,3,10,F,O,Stimuli/Images/Letters/L.jpg,Stimuli/Audio/Letters/L.wav
301,subj1,3,10,F,O,Stimuli/Images/Letters/N.jpg,Stimuli/Audio/Letters/N.wav
302,subj1,3,10,F,O,Stimuli/Images/Letters/M.jpg,Stimuli/Audio/Letters/M.wav
303,subj1,3,10,F,O,Stimuli/Images/Letters/R.jpg,Stimuli/Audio/Letters/R.wav
304,subj1,3,10,L,C,Stimuli/Images/People/Mala_Murthy.jpg,Stimuli/Audio/People/Mala_Murthy.wav
305,subj1,3,10,L,C,Stimuli/Images/People/Michelle_Yeoh.jpg,Stimuli/Audio/People/Michelle_Yeoh.wav
306,subj1,3,10,L,C,Stimuli/Images/People/Tim_Buschman.jpg,Stimuli/Audio/People/Tim_Buschman.wav
307,subj1,3,10,L,C,Stimuli/Images/People/Chris_Evans.jpg,Stimuli/Audio/People/Chris_Evans.wav
308,subj1,3,10,L,C,Stimuli/Images/People/Ilana_Witten.jpg,Stimuli/Audio/People/Ilana_Witten.wav
309,subj1,3,10,L,C,Stimuli/Images/People/Rihanna.jpg,Stimuli/Audio/People/Rihanna.wav
310,subj1,3,10,L,C,Stimuli/Images/People/Neil_DeGrasse_Tyson.jpg,Stimuli/Audio/People/Neil_DeGrasse_Tyson.wav
311,subj1,3,10,L,C,Stimuli/Images/People/Angelina_Jolie.jpg,Stimuli/Audio/People/Angelina_Jolie.wav
312,subj1,3,10,L,O,Stimuli/Images/People/Oprah_Winfrey.jpg,Stimuli/Audio/People/Oprah_Winfrey.wav
313,subj1,3,10,L,O,Stimuli/Images/People/Sam_Wang.jpg,Stimuli/Audio/People/Sam_Wang.wav
314,subj1,3,10,L,O,Stimuli/Images/People/Dwayne_Johnson.jpg,Stimuli/Audio/People/Dwayne_Johnson.wav
315,subj1,3,10,L,O,Stimuli/Images/People/Barack_Obama.jpg,Stimuli/Audio/People/Barack_Obama.wav
316,subj1,3,10,L,O,Stimuli/Images/People/George_W_Bush.jpg,Stimuli/Audio/People/George_W_Bush.wav
317,subj1,3,10,L,O,Stimuli/Images/People/Hillary_Clinton.jpg,Stimuli/Audio/People/Hillary_Clinton.wav
318,subj1,3,10,L,O,Stimuli/Images/People/Greta_Thunberg.jpg,Stimuli/Audio/People/Greta_Thunberg.wav
319,subj1,3,10,L,O,Stimuli/Images/People/Justin_Bieber.jpg,Stimuli/Audio/People/Justin_Bieber.wav
320,subj1,3,11,L,O,Stimuli/Images/People/Oprah_Winfrey.jpg,Stimuli/Audio/People/Oprah_Winfrey.wav
321,subj1,3,11,L,O,Stimuli/Images/People/Sam_Wang.jpg,Stimuli/Audio/People/Sam_Wang.wav
322,subj1,3,11,L,O,Stimuli/Images/People/Dwayne_Johnson.jpg,Stimuli/Audio/People/Dwayne_Johnson.wav
323,subj1,3,11,L,O,Stimuli/Images/People/Barack_Obama.jpg,Stimuli/Audio/People/Barack_Obama.wav
324,subj1,3,11,L,O,Stimuli/Images/People/George_W_Bush.jpg,Stimuli/Audio/People/George_W_Bush.wav
325,subj1,3,11,L,O,Stimuli/Images/People/Hillary_Clinton.jpg,Stimuli/Audio/People/Hillary_Clinton.wav
326,subj1,3,11,L,O,Stimuli/Images/People/Greta_Thunberg.jpg,Stimuli/Audio/People/Greta_Thunberg.wav
327,subj1,3,11,L,O,Stimuli/Images/People/Justin_Bieber.jpg,Stimuli/Audio/People/Justin_Bieber.wav
328,subj1,3,11,L,C,Stimuli/Images/People/Mala_Murthy.jpg,Stimuli/Audio/People/Mala_Murthy.wav
329,subj1,3,11,L,C,Stimuli/Images/People/Michelle_Yeoh.jpg,Stimuli/Audio/People/Michelle_Yeoh.wav
330,subj1,3,11,L,C,Stimuli/Images/People/Tim_Buschman.jpg,Stimuli/Audio/People/Tim_Buschman.wav
331,subj1,3,11,L,C,Stimuli/Images/People/Chris_Evans.jpg,Stimuli/Audio/People/Chris_Evans.wav
332,subj1,3,11,L,C,Stimuli/Images/People/Ilana_Witten.jpg,Stimuli/Audio/People/Ilana_Witten.wav
333,subj1,3,11,L,C,Stimuli/Images/People/Rihanna.jpg,Stimuli/Audio/People/Rihanna.wav
334,subj1,3,11,L,C,Stimuli/Images/People/Neil_DeGrasse_Tyson.jpg,Stimuli/Audio/People/Neil_DeGrasse_Tyson.wav
335,subj1,3,11,L,C,Stimuli/Images/People/Angelina_Jolie.jpg,Stimuli/Audio/People/Angelina_Jolie.wav
336,subj1,3,11,F,O,Stimuli/Images/Letters/V.jpg,Stimuli/Audio/Letters/V.wav
337,subj1,3,11,F,O,Stimuli/Images/Letters/Y.jpg,Stimuli/Audio/Letters/Y.wav
338,subj1,3,11,F,O,Stimuli/Images/Letters/G.jpg,Stimuli/Audio/Letters/G.wav
339,subj1,3,11,F,O,Stimuli/Images/Letters/B.jpg,Stimuli/Audio/Letters/B.wav
340,subj1,3,11,F,O,Stimuli/Images/Letters/L.jpg,Stimuli/Audio/Letters/L.wav
341,subj1,3,11,F,O,Stimuli/Images/Letters/N.jpg,Stimuli/Audio/Letters/N.wav
342,subj1,3,11,F,O,Stimuli/Images/Letters/M.jpg,Stimuli/Audio/Letters/M.wav
343,subj1,3,11,F,O,Stimuli/Images/Letters/R.jpg,Stimuli/Audio/Letters/R.wav
344,subj1,3,11,F,C,Stimuli/Images/Letters/S.jpg,Stimuli/Audio/Letters/S.wav
345,subj1,3,11,F,C,Stimuli/Images/Letters/T.jpg,Stimuli/Audio/Letters/T.wav
346,subj1,3,11,F,C,Stimuli/Images/Letters/Z.jpg,Stimuli/Audio/Letters/Z.wav
347,subj1,3,11,F,C,Stimuli/Images/Letters/F.jpg,Stimuli/Audio/Letters/F.wav
348,subj1,3,11,F,C,Stimuli/Images/Letters/Q.jpg,Stimuli/Audio/Letters/Q.wav
349,subj1,3,11,F,C,Stimuli/Images/Letters/W.jpg,Stimuli/Audio/Letters/W.wav
350,subj1,3,11,F,C,Stimuli/Images/Letters/U.jpg,Stimuli/Audio/Letters/U.wav
351,subj1,3,11,F,C,Stimuli/Images/Letters/A.jpg,Stimuli/Audio/Letters/A.wav
352,subj1,3,12,L,C,Stimuli/Images/People/Mala_Murthy.jpg,Stimuli/Audio/People/Mala_Murthy.wav
353,subj1,3,12,L,C,Stimuli/Images/People/Michelle_Yeoh.jpg,Stimuli/Audio/People/Michelle_Yeoh.wav
354,subj1,3,12,L,C,Stimuli/Images/People/Tim_Buschman.jpg,Stimuli/Audio/People/Tim_Buschman.wav
355,subj1,3,12,L,C,Stimuli/Images/People/Chris_Evans.jpg,Stimuli/Audio/People/Chris_Evans.wav
356,subj1,3,12,L,C,Stimuli/Images/People/Ilana_Witten.jpg,Stimuli/Audio/People/Ilana_Witten.wav
357,subj1,3,12,L,C,Stimuli/Images/People/Rihanna.jpg,Stimuli/Audio/People/Rihanna.wav
358,subj1,3,12,L,C,Stimuli/Images/People/Neil_DeGrasse_Tyson.jpg,Stimuli/Audio/People/Neil_DeGrasse_Tyson.wav
359,subj1,3,12,L,C,Stimuli/Images/People/Angelina_Jolie.jpg,Stimuli/Audio/People/Angelina_Jolie.wav
360,subj1,3,12,L,O,Stimuli/Images/People/Oprah_Winfrey.jpg,Stimuli/Audio/People/Oprah_Winfrey.wav
361,subj1,3,12,L,O,Stimuli/Images/People/Sam_Wang.jpg,Stimuli/Audio/People/Sam_Wang.wav
362,subj1,3,12,L,O,Stimuli/Images/People/Dwayne_Johnson.jpg,Stimuli/Audio/People/Dwayne_Johnson.wav
363,subj1,3,12,L,O,Stimuli/Images/People/Barack_Obama.jpg,Stimuli/Audio/People/Barack_Obama.wav
364,subj1,3,12,L,O,Stimuli/Images/People/George_W_Bush.jpg,Stimuli/Audio/People/George_W_Bush.wav
365,subj1,3,12,L,O,Stimuli/Images/People/Hillary_Clinton.jpg,Stimuli/Audio/People/Hillary_Clinton.wav
366,subj1,3,12,L,O,Stimuli/Images/People/Greta_Thunberg.jpg,Stimuli/Audio/People/Greta_Thunberg.wav
367,subj1,3,12,L,O,Stimuli/Images/People/Justin_Bieber.jpg,Stimuli/Audio/People/Justin_Bieber.wav
368,subj1,3,12,F,C,Stimuli/Images/Letters/S.jpg,Stimuli/Audio/Letters/S.wav
369,subj1,3,12,F,C,Stimuli/Images/Letters/T.jpg,Stimuli/Audio/Letters/T.wav
370,subj1,3,12,F,C,Stimuli/Images/Letters/Z.jpg,Stimuli/Audio/Letters/Z.wav
371,subj1,3,12,F,C,Stimuli/Images/Letters/F.jpg,Stimuli/Audio/Letters/F.wav
372,subj1,3,12,F,C,Stimuli/Images/Letters/Q.jpg,Stimuli/Audio/Letters/Q.wav
373,subj1,3,12,F,C,Stimuli/Images/Letters/W.jpg,Stimuli/Audio/Letters/W.wav
374,subj1,3,12,F,C,Stimuli/Images/Letters/U.jpg,Stimuli/Audio/Letters/U.wav
375,subj1,3,12,F,C,Stimuli/Images/Letters/A.jpg,Stimuli/Audio/Letters/A.wav
376,subj1,3,12,F,O,Stimuli/Images/Letters/V.jpg,Stimuli/Audio/Letters/V.wav
377,subj1,3,12,F,O,Stimuli/Images/Letters/Y.jpg,Stimuli/Audio/Letters/Y.wav
378,subj1,3,12,F,O,Stimuli/Images/Letters/G.jpg,Stimuli/Audio/Letters/G.wav
379,subj1,3,12,F,O,Stimuli/Images/Letters/B.jpg,Stimuli/Audio/Letters/B.wav
380,subj1,3,12,F,O,Stimuli/Images/Letters/L.jpg,Stimuli/Audio/Letters/L.wav
381,subj1,3,12,F,O,Stimuli/Images/Letters/N.jpg,Stimuli/Audio/Letters/N.wav
382,subj1,3,12,F,O,Stimuli/Images/Letters/M.jpg,Stimuli/Audio/Letters/M.wav
383,subj1,3,12,F,O,Stimuli/Images/Letters/R.jpg,Stimuli/Audio/Letters/R.wav
384,subj1,4,13,F,O,Stimuli/Images/Letters/M.jpg,Stimuli/Audio/Letters/M.wav
385,subj1,4,13,F,O,Stimuli/Images/Letters/B.jpg,Stimuli/Audio/Letters/B.wav
386,subj1,4,13,F,O,Stimuli/Images/Letters/U.jpg,Stimuli/Audio/Letters/U.wav
387,subj1,4,13,F,O,Stimuli/Images/Letters/N.jpg,Stimuli/Audio/Letters/N.wav
388,subj1,4,13,F,O,Stimuli/Images/Letters/R.jpg,Stimuli/Audio/Letters/R.wav
389,subj1,4,13,F,O,Stimuli/Images/Letters/W.jpg,Stimuli/Audio/Letters/W.wav
390,subj1,4,13,F,O,Stimuli/Images/Letters/Z.jpg,Stimuli/Audio/Letters/Z.wav
391,subj1,4,13,F,O,Stimuli/Images/Letters/S.jpg,Stimuli/Audio/Letters/S.wav
392,subj1,4,13,F,C,Stimuli/Images/Letters/Q.jpg,Stimuli/Audio/Letters/Q.wav
393,subj1,4,13,F,C,Stimuli/Images/Letters/Y.jpg,Stimuli/Audio/Letters/Y.wav
394,subj1,4,13,F,C,Stimuli/Images/Letters/A.jpg,Stimuli/Audio/Letters/A.wav
395,subj1,4,13,F,C,Stimuli/Images/Letters/L.jpg,Stimuli/Audio/Letters/L.wav
396,subj1,4,13,F,C,Stimuli/Images/Letters/T.jpg,Stimuli/Audio/Letters/T.wav
397,subj1,4,13,F,C,Stimuli/Images/Letters/G.jpg,Stimuli/Audio/Letters/G.wav
398,subj1,4,13,F,C,Stimuli/Images/Letters/F.jpg,Stimuli/Audio/Letters/F.wav
399,subj1,4,13,F,C,Stimuli/Images/Letters/V.jpg,Stimuli/Audio/Letters/V.wav
400,subj1,4,13,L,O,Stimuli/Images/People/Greta_Thunberg.jpg,Stimuli/Audio/People/Greta_Thunberg.wav
401,subj1,4,13,L,O,Stimuli/Images/People/Barack_Obama.jpg,Stimuli/Audio/People/Barack_Obama.wav
402,subj1,4,13,L,O,Stimuli/Images/People/Neil_DeGrasse_Tyson.jpg,Stimuli/Audio/People/Neil_DeGrasse_Tyson.wav
403,subj1,4,13,L,O,Stimuli/Images/People/Hillary_Clinton.jpg,Stimuli/Audio/People/Hillary_Clinton.wav
404,subj1,4,13,L,O,Stimuli/Images/People/Justin_Bieber.jpg,Stimuli/Audio/People/Justin_Bieber.wav
405,subj1,4,13,L,O,Stimuli/Images/People/Rihanna.jpg,Stimuli/Audio/People/Rihanna.wav
406,subj1,4,13,L,O,Stimuli/Images/People/Tim_Buschman.jpg,Stimuli/Audio/People/Tim_Buschman.wav
407,subj1,4,13,L,O,Stimuli/Images/People/Mala_Murthy.jpg,Stimuli/Audio/People/Mala_Murthy.wav
408,subj1,4,13,L,C,Stimuli/Images/People/Ilana_Witten.jpg,Stimuli/Audio/People/Ilana_Witten.wav
409,subj1,4,13,L,C,Stimuli/Images/People/Sam_Wang.jpg,Stimuli/Audio/People/Sam_Wang.wav
410,subj1,4,13,L,C,Stimuli/Images/People/Angelina_Jolie.jpg,Stimuli/Audio/People/Angelina_Jolie.wav
411,subj1,4,13,L,C,Stimuli/Images/People/George_W_Bush.jpg,Stimuli/Audio/People/George_W_Bush.wav
412,subj1,4,13,L,C,Stimuli/Images/People/Michelle_Yeoh.jpg,Stimuli/Audio/People/Michelle_Yeoh.wav
413,subj1,4,13,L,C,Stimuli/Images/People/Dwayne_Johnson.jpg,Stimuli/Audio/People/Dwayne_Johnson.wav
414,subj1,4,13,L,C,Stimuli/Images/People/Chris_Evans.jpg,Stimuli/Audio/People/Chris_Evans.wav
415,subj1,4,13,L,C,Stimuli/Images/People/Oprah_Winfrey.jpg,Stimuli/Audio/People/Oprah_Winfrey.wav
416,subj1,4,14,F,C,Stimuli/Images/Letters/Q.jpg,Stimuli/Audio/Letters/Q.wav
417,subj1,4,14,F,C,Stimuli/Images/Letters/Y.jpg,Stimuli/Audio/Letters/Y.wav
418,subj1,4,14,F,C,Stimuli/Images/Letters/A.jpg,Stimuli/Audio/Letters/A.wav
419,subj1,4,14,F,C,Stimuli/Images/Letters/L.jpg,Stimuli/Audio/Letters/L.wav
420,subj1,4,14,F,C,Stimuli/Images/Letters/T.jpg,Stimuli/Audio/Letters/T.wav
421,subj1,4,14,F,C,Stimuli/Images/Letters/G.jpg,Stimuli/Audio/Letters/G.wav
422,subj1,4,14,F,C,Stimuli/Images/Letters/F.jpg,Stimuli/Audio/Letters/F.wav
423,subj1,4,14,F,C,Stimuli/Images/Letters/V.jpg,Stimuli/Audio/Letters/V.wav
424,subj1,4,14,F,O,Stimuli/Images/Letters/M.jpg,Stimuli/Audio/Letters/M.wav
425,subj1,4,14,F,O,Stimuli/Images/Letters/B.jpg,Stimuli/Audio/Letters/B.wav
426,subj1,4,14,F,O,Stimuli/Images/Letters/U.jpg,Stimuli/Audio/Letters/U.wav
427,subj1,4,14,F,O,Stimuli/Images/Letters/N.jpg,Stimuli/Audio/Letters/N.wav
428,subj1,4,14,F,O,Stimuli/Images/Letters/R.jpg,Stimuli/Audio/Letters/R.wav
429,subj1,4,14,F,O,Stimuli/Images/Letters/W.jpg,Stimuli/Audio/Letters/W.wav
430,subj1,4,14,F,O,Stimuli/Images/Letters/Z.jpg,Stimuli/Audio/Letters/Z.wav
431,subj1,4,14,F,O,Stimuli/Images/Letters/S.jpg,Stimuli/Audio/Letters/S.wav
432,subj1,4,14,L,C,Stimuli/Images/People/Ilana_Witten.jpg,Stimuli/Audio/People/Ilana_Witten.wav
433,subj1,4,14,L,C,Stimuli/Images/People/Sam_Wang.jpg,Stimuli/Audio/People/Sam_Wang.wav
434,subj1,4,14,L,C,Stimuli/Images/People/Angelina_Jolie.jpg,Stimuli/Audio/People/Angelina_Jolie.wav
435,subj1,4,14,L,C,Stimuli/Images/People/George_W_Bush.jpg,Stimuli/Audio/People/George_W_Bush.wav
436,subj1,4,14,L,C,Stimuli/Images/People/Michelle_Yeoh.jpg,Stimuli/Audio/People/Michelle_Yeoh.wav
437,subj1,4,14,L,C,Stimuli/Images/People/Dwayne_Johnson.jpg,Stimuli/Audio/People/Dwayne_Johnson.wav
438,subj1,4,14,L,C,Stimuli/Images/People/Chris_Evans.jpg,Stimuli/Audio/People/Chris_Evans.wav
439,subj1,4,14,L,C,Stimuli/Images/People/Oprah_Winfrey.jpg,Stimuli/Audio/People/Oprah_Winfrey.wav
440,subj1,4,14,L,O,Stimuli/Images/People/Greta_Thunberg.jpg,Stimuli/Audio/People/Greta_Thunberg.wav
441,subj1,4,14,L,O,Stimuli/Images/People/Barack_Obama.jpg,Stimuli/Audio/People/Barack_Obama.wav
442,subj1,4,14,L,O,Stimuli/Images/People/Neil_DeGrasse_Tyson.jpg,Stimuli/Audio/People/Neil_DeGrasse_Tyson.wav
443,subj1,4,14,L,O,Stimuli/Images/People/Hillary_Clinton.jpg,Stimuli/Audio/People/Hillary_Clinton.wav
444,subj1,4,14,L,O,Stimuli/Images/People/Justin_Bieber.jpg,Stimuli/Audio/People/Justin_Bieber.wav
445,subj1,4,14,L,O,Stimuli/Images/People/Rihanna.jpg,Stimuli/Audio/People/Rihanna.wav
446,subj1,4,14,L,O,Stimuli/Images/People/Tim_Buschman.jpg,Stimuli/Audio/People/Tim_Buschman.wav
447,subj1,4,14,L,O,Stimuli/Images/People/Mala_Murthy.jpg,Stimuli/Audio/People/Mala_Murthy.wav
448,subj1,4,15,L,O,Stimuli/Images/People/Greta_Thunberg.jpg,Stimuli/Audio/People/Greta_Thunberg.wav
449,subj1,4,15,L,O,Stimuli/Images/People/Barack_Obama.jpg,Stimuli/Audio/People/Barack_Obama.wav
450,subj1,4,15,L,O,Stimuli/Images/People/Neil_DeGrasse_Tyson.jpg,Stimuli/Audio/People/Neil_DeGrasse_Tyson.wav
451,subj1,4,15,L,O,Stimuli/Images/People/Hillary_Clinton.jpg,Stimuli/Audio/People/Hillary_Clinton.wav
452,subj1,4,15,L,O,Stimuli/Images/People/Justin_Bieber.jpg,Stimuli/Audio/People/Justin_Bieber.wav
453,subj1,4,15,L,O,Stimuli/Images/People/Rihanna.jpg,Stimuli/Audio/People/Rihanna.wav
454,subj1,4,15,L,O,Stimuli/Images/People/Tim_Buschman.jpg,Stimuli/Audio/People/Tim_Buschman.wav
455,subj1,4,15,L,O,Stimuli/Images/People/Mala_Murthy.jpg,Stimuli/Audio/People/Mala_Murthy.wav
456,subj1,4,15,L,C,Stimuli/Images/People/Ilana_Witten.jpg,Stimuli/Audio/People/Ilana_Witten.wav
457,subj1,4,15,L,C,Stimuli/Images/People/Sam_Wang.jpg,Stimuli/Audio/People/Sam_Wang.wav
458,subj1,4,15,L,C,Stimuli/Images/People/Angelina_Jolie.jpg,Stimuli/Audio/People/Angelina_Jolie.wav
459,subj1,4,15,L,C,Stimuli/Images/People/George_W_Bush.jpg,Stimuli/Audio/People/George_W_Bush.wav
460,subj1,4,15,L,C,Stimuli/Images/People/Michelle_Yeoh.jpg,Stimuli/Audio/People/Michelle_Yeoh.wav
461,subj1,4,15,L,C,Stimuli/Images/People/Dwayne_Johnson.jpg,Stimuli/Audio/People/Dwayne_Johnson.wav
462,subj1,4,15,L,C,Stimuli/Images/People/Chris_Evans.jpg,Stimuli/Audio/People/Chris_Evans.wav
463,subj1,4,15,L,C,Stimuli/Images/People/Oprah_Winfrey.jpg,Stimuli/Audio/People/Oprah_Winfrey.wav
464,subj1,4,15,F,O,Stimuli/Images/Letters/M.jpg,Stimuli/Audio/Letters/M.wav
465,subj1,4,15,F,O,Stimuli/Images/Letters/B.jpg,Stimuli/Audio/Letters/B.wav
466,subj1,4,15,F,O,Stimuli/Images/Letters/U.jpg,Stimuli/Audio/Letters/U.wav
467,subj1,4,15,F,O,Stimuli/Images/Letters/N.jpg,Stimuli/Audio/Letters/N.wav
468,subj1,4,15,F,O,Stimuli/Images/Letters/R.jpg,Stimuli/Audio/Letters/R.wav
469,subj1,4,15,F,O,Stimuli/Images/Letters/W.jpg,Stimuli/Audio/Letters/W.wav
470,subj1,4,15,F,O,Stimuli/Images/Letters/Z.jpg,Stimuli/Audio/Letters/Z.wav
471,subj1,4,15,F,O,Stimuli/Images/Letters/S.jpg,Stimuli/Audio/Letters/S.wav
472,subj1,4,15,F,C,Stimuli/Images/Letters/Q.jpg,Stimuli/Audio/Letters/Q.wav
473,subj1,4,15,F,C,Stimuli/Images/Letters/Y.jpg,Stimuli/Audio/Letters/Y.wav
474,subj1,4,15,F,C,Stimuli/Images/Letters/A.jpg,Stimuli/Audio/Letters/A.wav
475,subj1,4,15,F,C,Stimuli/Images/Letters/L.jpg,Stimuli/Audio/Letters/L.wav
476,subj1,4,15,F,C,Stimuli/Images/Letters/T.jpg,Stimuli/Audio/Letters/T.wav
477,subj1,4,15,F,C,Stimuli/Images/Letters/G.jpg,Stimuli/Audio/Letters/G.wav
478,subj1,4,15,F,C,Stimuli/Images/Letters/F.jpg,Stimuli/Audio/Letters/F.wav
479,subj1,4,15,F,C,Stimuli/Images/Letters/V.jpg,Stimuli/Audio/Letters/V.wav
480,subj1,4,16,L,C,Stimuli/Images/People/Ilana_Witten.jpg,Stimuli/Audio/People/Ilana_Witten.wav
481,subj1,4,16,L,C,Stimuli/Images/People/Sam_Wang.jpg,Stimuli/Audio/People/Sam_Wang.wav
482,subj1,4,16,L,C,Stimuli/Images/People/Angelina_Jolie.jpg,Stimuli/Audio/People/Angelina_Jolie.wav
483,subj1,4,16,L,C,Stimuli/Images/People/George_W_Bush.jpg,Stimuli/Audio/People/George_W_Bush.wav
484,subj1,4,16,L,C,Stimuli/Images/People/Michelle_Yeoh.jpg,Stimuli/Audio/People/Michelle_Yeoh.wav
485,subj1,4,16,L,C,Stimuli/Images/People/Dwayne_Johnson.jpg,Stimuli/Audio/People/Dwayne_Johnson.wav
486,subj1,4,16,L,C,Stimuli/Images/People/Chris_Evans.jpg,Stimuli/Audio/People/Chris_Evans.wav
487,subj1,4,16,L,C,Stimuli/Images/People/Oprah_Winfrey.jpg,Stimuli/Audio/People/Oprah_Winfrey.wav
488,subj1,4,16,L,O,Stimuli/Images/People/Greta_Thunberg.jpg,Stimuli/Audio/People/Greta_Thunberg.wav
489,subj1,4,16,L,O,Stimuli/Images/People/Barack_Obama.jpg,Stimuli/Audio/People/Barack_Obama.wav
490,subj1,4,16,L,O,Stimuli/Images/People/Neil_DeGrasse_Tyson.jpg,Stimuli/Audio/People/Neil_DeGrasse_Tyson.wav
491,subj1,4,16,L,O,Stimuli/Images/People/Hillary_Clinton.jpg,Stimuli/Audio/People/Hillary_Clinton.wav
492,subj1,4,16,L,O,Stimuli/Images/People/Justin_Bieber.jpg,Stimuli/Audio/People/Justin_Bieber.wav
493,subj1,4,16,L,O,Stimuli/Images/People/Rihanna.jpg,Stimuli/Audio/People/Rihanna.wav
494,subj1,4,16,L,O,Stimuli/Images/People/Tim_Buschman.jpg,Stimuli/Audio/People/Tim_Buschman.wav
495,subj1,4,16,L,O,Stimuli/Images/People/Mala_Murthy.jpg,Stimuli/Audio/People/Mala_Murthy.wav
496,subj1,4,16,F,C,Stimuli/Images/Letters/Q.jpg,Stimuli/Audio/Letters/Q.wav
497,subj1,4,16,F,C,Stimuli/Images/Letters/Y.jpg,Stimuli/Audio/Letters/Y.wav
498,subj1,4,16,F,C,Stimuli/Images/Letters/A.jpg,Stimuli/Audio/Letters/A.wav
499,subj1,4,16,F,C,Stimuli/Images/Letters/L.jpg,Stimuli/Audio/Letters/L.wav
500,subj1,4,16,F,C,Stimuli/Images/Letters/T.jpg,Stimuli/Audio/Letters/T.wav
501,subj1,4,16,F,C,Stimuli/Images/Letters/G.jpg,Stimuli/Audio/Letters/G.wav
502,subj1,4,16,F,C,Stimuli/Images/Letters/F.jpg,Stimuli/Audio/Letters/F.wav
503,subj1,4,16,F,C,Stimuli/Images/Letters/V.jpg,Stimuli/Audio/Letters/V.wav
504,subj1,4,16,F,O,Stimuli/Images/Letters/M.jpg,Stimuli/Audio/Letters/M.wav
505,subj1,4,16,F,O,Stimuli/Images/Letters/B.jpg,Stimuli/Audio/Letters/B.wav
506,subj1,4,16,F,O,Stimuli/Images/Letters/U.jpg,Stimuli/Audio/Letters/U.wav
507,subj1,4,16,F,O,Stimuli/Images/Letters/N.jpg,Stimuli/Audio/Letters/N.wav
508,subj1,4,16,F,O,Stimuli/Images/Letters/R.jpg,Stimuli/Audio/Letters/R.wav
509,subj1,4,16,F,O,Stimuli/Images/Letters/W.jpg,Stimuli/Audio/Letters/W.wav
510,subj1,4,16,F,O,Stimuli/Images/Letters/Z.jpg,Stimuli/Audio/Letters/Z.wav
511,subj1,4,16,F,O,Stimuli/Images/Letters/S.jpg,Stimuli/Audio/Letters/S.wav
